ilce_adi,mahalle_adi,cok_agir_hasarli_bina_sayisi,agir_hasarli_bina_sayisi,orta_hasarli_bina_sayisi,hafif_hasarli_bina_sayisi,can_kaybi_sayisi,agir_yarali_sayisi,hastanede_tedavi_sayisi,hafif_yarali_sayisi,dogalgaz_boru_hasari,icme_suyu_boru_hasari,atik_su_boru_hasari,gecici_barinma
ADALAR,BURGAZADA,54,99,256,241,8,6,24,42,0,0,1,398
ADALAR,HEYBELIADA,101,175,423,393,25,21,66,113,1,1,2,763
ADALAR,KINALIADA,53,97,287,302,5,3,15,27,0,1,1,420
ADALAR,MADEN,104,192,483,484,22,18,64,113,1,1,2,847
ADALAR,NIZAM,101,180,445,422,16,13,48,83,1,2,2,687
ARNAVUTKOY,ADNAN MENDERES,1,3,21,57,0,0,1,3,0,0,0,89
ARNAVUTKOY,ANADOLU,2,13,108,371,0,0,8,26,1,1,1,659
ARNAVUTKOY,ARNAVUTKOY MERKEZ,1,6,51,199,0,0,2,10,0,1,1,273
ARNAVUTKOY,ATATURK,1,6,49,129,0,0,2,8,0,0,0,209
ARNAVUTKOY,BAKLALI,1,5,23,65,0,0,0,0,0,0,0,26
ARNAVUTKOY,BALABAN,0,1,7,25,0,0,0,0,0,0,0,7
ARNAVUTKOY,BOGAZKOY,2,14,95,249,0,0,3,10,0,1,1,246
ARNAVUTKOY,BOLLUCA,1,6,46,125,0,0,1,5,0,0,0,177
ARNAVUTKOY,BOYALLIK,1,4,21,63,0,0,0,0,0,0,0,24
ARNAVUTKOY,CILINGIR,1,5,28,76,0,0,0,0,0,0,0,38
ARNAVUTKOY,DELIKLIKAYA,1,7,50,120,0,0,0,2,1,1,1,173
ARNAVUTKOY,DURSUNKOY,1,5,18,45,0,0,0,1,0,0,0,22
ARNAVUTKOY,DURUSU,0,2,10,30,0,0,0,0,0,0,0,16
ARNAVUTKOY,FATIH,1,4,21,59,0,0,0,1,0,0,0,51
ARNAVUTKOY,HACISISLI,0,3,16,41,0,0,0,0,0,0,0,20
ARNAVUTKOY,HADIMKOY,1,7,63,203,0,0,0,4,1,1,1,387
ARNAVUTKOY,HARACCI,2,12,82,230,0,0,0,4,1,1,1,209
ARNAVUTKOY,HASTANE,1,6,45,147,0,0,0,5,0,0,0,148
ARNAVUTKOY,HICRET,0,3,24,61,0,0,0,2,0,0,0,91
ARNAVUTKOY,IMRAHOR,3,17,96,255,0,0,2,11,1,1,1,301
ARNAVUTKOY,ISLAMBEY,2,11,88,268,0,0,4,18,1,0,1,395
ARNAVUTKOY,KARABURUN,0,3,32,112,0,0,0,0,0,0,0,34
ARNAVUTKOY,YESILBAYIR,2,9,60,186,0,0,1,8,0,0,1,188
ARNAVUTKOY,MARASEL FEVZI CAKMAK,1,6,50,141,0,0,0,1,0,1,1,115
ARNAVUTKOY,MAVIGOL,1,6,53,146,0,0,0,3,0,0,0,146
ARNAVUTKOY,MEHMET AKIF ERSOY,1,4,26,73,0,0,0,3,0,0,1,132
ARNAVUTKOY,MUSTAFA KEMAL PASA,1,7,53,161,0,0,3,11,0,0,1,254
ARNAVUTKOY,NENEHATUN,1,5,43,124,0,0,0,7,0,0,1,180
ARNAVUTKOY,SISLIBOSNA,0,5,26,68,0,0,0,1,0,0,0,46
ARNAVUTKOY,TSISLIK,1,6,44,122,0,0,1,6,0,0,1,120
ARNAVUTKOY,TAYAKADIN,3,12,57,162,0,0,0,1,0,0,0,92
ARNAVUTKOY,TERKOS,1,4,19,58,0,0,0,0,0,0,0,22
ARNAVUTKOY,YASSI?REN,0,1,12,41,0,0,0,0,0,0,0,11
ARNAVUTKOY,YAVUZSISLIM,2,9,64,180,0,0,1,9,0,0,1,250
ARNAVUTKOY,YEN?K?Y,1,5,39,121,0,0,0,0,0,1,1,43
ARNAVUTKOY,YSISLIAYIR,1,4,27,69,0,0,0,0,0,0,0,29
ARNAVUTKOY,YUNUS EMRE,1,10,88,244,0,0,5,16,0,0,1,403
ATASEHIR,A?IKVEYSEL,5,18,102,266,4,3,12,26,0,0,0,465
ATASEHIR,ATAT?RK,2,12,76,209,2,0,11,30,0,1,1,706
ATASEHIR,BARBAROS,14,50,248,498,11,9,42,88,1,1,2,1281
ATASEHIR,ESATPA?A,5,20,140,422,3,1,14,33,0,0,1,598
ATASEHIR,FERHATPA?A,4,26,191,493,0,0,5,26,1,1,2,784
ATASEHIR,FETIH,1,3,26,102,1,0,3,7,0,0,0,203
ATASEHIR,??ERENK?Y,23,76,465,1180,19,8,61,133,1,1,3,2792
ATASEHIR,?N?N?,4,17,115,392,2,0,14,36,0,0,1,775
ATASEHIR,KAYI?DA?I,10,52,352,785,7,2,31,76,1,1,2,1930
ATASEHIR,K???KBASISLI?Y,13,41,200,501,11,6,35,71,1,1,2,1284
ATASEHIR,SISLINA,1,8,64,188,2,0,7,20,0,0,0,470
ATASEHIR,M?MAR S?NAN,2,13,81,203,1,0,7,18,0,0,0,370
ATASEHIR,MUSTAFA KEMAL,8,28,145,345,6,4,18,40,0,0,1,643
ATASEHIR,?RNEK,9,31,181,463,7,4,25,54,0,0,1,966
ATASEHIR,YEN? SISLICA,5,24,152,319,3,1,11,28,0,0,1,630
ATASEHIR,YEN?SAHRA,17,51,205,397,10,9,32,64,0,0,1,671
ATASEHIR,YEN??EH?R,0,1,13,70,0,0,2,5,1,1,0,134
AADALAR,AMSISLI,26,105,388,634,67,35,191,364,2,2,7,3699
AADALAR,C?HANG?R,37,169,688,1171,87,46,252,496,3,4,9,5464
AADALAR,DEN?ZKADALAR,33,138,516,843,74,39,212,409,2,3,7,4086
AADALAR,F?RUZK?Y,19,150,676,1005,18,7,61,135,2,2,7,2073
AADALAR,G?M?SISLI,27,115,446,750,63,34,184,353,2,2,6,3833
AADALAR,MERKEZ,17,64,253,471,44,23,124,241,1,1,4,2751
AADALAR,MUSTAFA KSISLIA?A,21,91,416,821,47,25,134,274,1,2,4,3863
AADALAR,TAHTSISLI,5,52,321,658,3,1,26,76,1,1,1,2247
AADALAR,?N?VERS?TE,12,64,276,480,19,9,55,113,1,1,4,1617
AADALAR,YSISLIENT,36,313,1565,2452,43,20,146,338,4,4,5,5308
BAADALAR,100. YIL,6,22,186,665,7,3,25,61,0,0,1,1233
BAADALAR,ADALAR,36,86,315,455,33,19,90,165,1,1,3,3267
BAADALAR,BARBAROS,36,74,273,453,50,28,133,242,0,1,2,2646
BAADALAR,?INAR,45,86,360,720,82,45,215,390,1,1,2,2548
BAADALAR,DEM?RKAPI,43,108,509,1013,71,39,192,368,1,1,3,3443
BAADALAR,EVREN,54,144,657,1233,70,38,190,367,1,2,4,3236
BAADALAR,FATIH,25,62,334,808,40,21,107,208,1,1,2,2332
BAADALAR,FEVZ? ?AKMAK,27,64,311,673,44,24,118,224,1,1,2,2593
BAADALAR,G?ZTEPE,19,53,287,683,25,15,71,144,1,1,2,1930
BAADALAR,G?SISLI,47,114,507,961,71,39,190,358,1,1,3,4189
BAADALAR,H?RR?YET,49,99,367,570,65,35,171,307,1,1,2,2802
BAADALAR,?N?N?,46,90,326,525,64,38,169,304,0,1,2,2718
BAADALAR,KAZIM KARABEK?R,46,94,360,607,66,38,174,316,1,1,2,3061
BAADALAR,KSISLIA?A,20,50,284,682,30,16,81,160,0,0,1,2045
BAADALAR,K?SISLI,51,119,501,902,76,42,203,380,1,1,3,4099
BAADALAR,MAHMUTBEY,47,144,694,1236,39,23,110,209,1,2,5,1740
BAADALAR,MERKEZ,26,52,221,434,52,28,137,251,1,0,2,2323
BAADALAR,SANCAKTEPE,23,49,215,419,35,19,92,171,0,1,2,1620
BAADALAR,YAVUZSISLIM,30,69,298,568,47,26,125,234,1,1,2,2432
BAADALAR,YEN?G?N,24,43,186,373,54,29,138,250,0,0,2,2068
BAADALAR,YEN?MASISLI,29,73,332,634,48,26,128,242,1,1,2,2821
BAADALAR,YILDIZTEPE,67,130,478,783,110,61,289,518,1,1,3,4367
BASISLISILER,BASISLISILER,81,147,488,752,185,99,480,838,2,3,6,6193
BASISLISILER,CUMHUR?YET,47,87,362,680,97,53,254,459,1,1,3,3989
BASISLISILER,?OBAN?E?ME,62,125,469,751,83,44,217,393,2,2,4,3437
BASISLISILER,FEVZ? ?AKMAK,37,71,276,470,70,36,180,326,1,1,2,2848
BASISLISILER,H?RR?YET,56,105,432,757,128,69,335,601,1,1,4,4906
BASISLISILER,KOCAS?NAN MERKEZ,71,151,611,1088,148,83,394,723,2,2,6,6969
BASISLISILER,S?YAVU?PA?A,88,143,521,922,220,117,567,989,1,2,4,6781
BASISLISILER,SOSISLI,74,126,537,1059,189,101,491,875,1,2,4,6850
BASISLISILER,??R?ADALAR,105,171,592,945,230,122,592,1028,2,2,6,6563
BASISLISILER,YEN?BOSNA MERKEZ,74,162,553,796,71,41,193,352,2,3,7,3588
BASISLISILER,ZAFER,101,202,827,1466,212,114,558,1015,2,2,6,9075
BAKIRKOY,ATAK?Y 1. KISIM,6,10,24,32,12,6,31,52,1,0,1,204
BAKIRKOY,ATAK?Y 2-5-6. KISIM,16,27,61,77,68,36,176,295,1,1,2,1760
BAKIRKOY,ATAK?Y 3-4-11. KISIM,18,30,75,89,43,23,110,185,1,1,2,1131
BAKIRKOY,ATAK?Y 7-8-9-10. KISIM,16,38,126,199,63,33,165,291,1,1,4,2371
BAKIRKOY,BASINK?Y,62,93,200,167,47,35,123,208,1,1,4,1114
BAKIRKOY,CESISLIK,39,63,188,271,29,16,74,127,0,1,1,663
BAKIRKOY,KASISLIEPE,82,132,393,567,166,89,424,725,1,2,4,4460
BAKIRKOY,OSMAN?YE,44,83,259,349,87,47,225,391,1,1,3,2766
BAKIRKOY,SAKIZA?ACI,34,50,131,176,41,23,104,176,0,0,1,1092
BAKIRKOY,SISLIKK?Y,110,234,593,488,122,68,324,561,3,3,8,4483
BAKIRKOY,YEN?MASISLI,34,50,132,186,42,23,108,182,0,0,1,894
BAKIRKOY,YSISLI?Y,201,310,696,621,161,92,413,695,3,4,11,3776
BAKIRKOY,YSISLIURT,25,38,95,99,35,19,91,154,1,1,2,1025
BAKIRKOY,ZEYSISLIK,30,49,152,228,27,15,70,121,0,0,1,678
BAKIRKOY,ZUHURATBABA,65,99,269,390,103,56,263,447,1,1,3,2493
BASAKSEHIR,ALTIN?EH?R,10,42,199,374,8,6,28,61,0,0,1,945
BASAKSEHIR,BAH?E?EH?R 1. KISIM,5,44,278,549,1,0,11,33,0,1,2,1151
BASAKSEHIR,BAH?E?EH?R 2. KISIM,11,57,311,738,16,7,53,115,1,2,2,1613
BASAKSEHIR,BA?AK,1,8,66,225,1,0,7,24,1,1,1,1000
BASAKSEHIR,BASAKSEHIR,1,3,21,115,1,0,6,18,0,0,1,522
BASAKSEHIR,G?VERC?NTEPE,26,115,573,1173,21,16,80,183,1,1,3,3188
BASAKSEHIR,KAYABA?I,4,18,91,261,2,1,9,27,1,1,1,1580
BASAKSEHIR,?AH?NTEPE,29,128,615,1197,11,8,54,125,1,1,2,2380
BASAKSEHIR,ADALAR,1,7,36,88,0,0,0,0,0,0,1,53
BASAKSEHIR,Z?YA GSISLI,27,153,787,1523,10,7,39,84,1,2,6,965
BAYRAMPASA,ALTINTEPS?,68,135,483,826,60,37,161,291,1,1,2,2839
BAYRAMPASA,CEVATPA?A,18,43,175,384,18,12,51,98,0,0,1,1214
BAYRAMPASA,?SMET PA?A,50,86,260,442,41,28,108,191,0,0,1,1510
BAYRAMPASA,KASISLIEPE,68,137,483,1025,67,45,180,331,1,1,2,3056
BAYRAMPASA,KOCATEPE,26,55,233,468,30,17,82,154,1,1,2,1653
BAYRAMPASA,MURATPA?A,116,202,589,1008,93,63,245,435,1,1,2,3394
BAYRAMPASA,ORTAMASISLI,57,107,334,533,40,27,106,189,0,1,1,1588
BAYRAMPASA,TERAZ?DERE,52,98,309,530,34,24,93,167,0,1,2,1509
BAYRAMPASA,VATAN,36,72,229,366,22,16,60,108,0,0,1,1053
BAYRAMPASA,YEN?DO?AN,57,104,345,582,46,29,122,217,0,1,2,1765
BAYRAMPASA,YILDIRIM,66,143,619,1251,69,42,186,348,1,1,3,3483
BESIKTAS,ABBASA?A,2,6,31,111,1,1,4,9,0,0,0,136
BESIKTAS,AKAT,3,11,73,220,1,1,5,14,0,0,1,329
BESIKTAS,ARNAVUTKOY,1,7,52,164,0,0,0,4,0,0,0,90
BESIKTAS,BALMUMCU,1,3,24,67,0,0,1,3,0,0,0,84
BESIKTAS,BEBEK,2,6,46,143,0,0,2,5,0,0,0,114
BESIKTAS,C?HANN?MA,3,7,35,110,2,1,5,10,0,0,0,119
BESIKTAS,DSISLITA?,2,4,25,135,2,1,7,16,0,0,0,207
BESIKTAS,ADALAR,1,4,44,137,0,0,2,8,0,0,0,201
BESIKTAS,GAYRETTEPE,1,3,17,93,1,0,6,13,0,0,0,178
BESIKTAS,KOADALAR,1,4,28,106,0,0,4,10,0,0,1,230
BESIKTAS,KURU?E?ME,1,6,38,116,0,0,0,3,0,0,0,74
BESIKTAS,K?LT?R,0,2,17,65,0,0,1,2,0,0,0,64
BESIKTAS,LEVAZIM,0,1,7,40,0,0,1,4,0,0,0,74
BESIKTAS,LEVENT,2,8,95,248,0,0,1,4,1,1,1,105
BESIKTAS,MEC?D?YE,11,32,127,293,6,4,17,38,0,0,0,525
BESIKTAS,MURAD?YE,1,2,12,66,1,0,3,6,0,0,0,69
BESIKTAS,N?SBET?YE,1,2,21,103,0,0,2,7,0,0,0,143
BESIKTAS,ORTAK?Y,7,20,96,239,2,2,9,20,0,0,1,366
BESIKTAS,S?NANPA?A,8,18,71,169,4,2,10,18,0,0,0,147
BESIKTAS,T?SISLI,6,14,62,190,4,2,10,21,0,0,0,333
BESIKTAS,ULUS,1,3,23,88,0,0,1,5,0,0,0,125
BESIKTAS,V??NEZADE,5,13,54,170,1,0,4,11,0,1,1,214
BESIKTAS,YILDIZ,4,11,55,168,1,0,4,9,1,0,1,169
BEYKOZ,AADALAR,1,8,89,295,0,0,0,0,1,0,0,109
BEYKOZ,AKBABA,0,2,18,66,0,0,0,0,0,0,0,33
BEYKOZ,AL?BAHADIR,1,2,14,40,0,0,0,0,0,0,0,19
BEYKOZ,ANSISLI FENER?,0,2,15,48,0,0,0,0,0,0,0,18
BEYKOZ,ANSISLI H?SARI,3,10,67,145,0,0,2,5,0,0,0,27
BEYKOZ,ANSISLI KAVA?I,1,3,16,49,0,0,0,1,0,0,0,102
BEYKOZ,SISLICI,1,8,64,171,0,0,0,0,1,1,1,95
BEYKOZ,BOZHANE,1,3,13,36,0,0,0,0,0,0,0,15
BEYKOZ,CUMHUR?YET,1,5,28,84,0,0,0,1,0,0,0,41
BEYKOZ,SISLIBAH?E,10,26,122,224,4,3,14,27,0,0,1,356
BEYKOZ,?ESISLIERE,1,7,58,172,0,0,0,0,0,1,1,108
BEYKOZ,?SISLIK,1,7,61,172,0,0,0,0,0,0,1,120
BEYKOZ,???DEM,1,6,59,199,0,0,0,5,0,0,0,152
BEYKOZ,?USISLI,9,34,185,495,3,3,13,33,1,1,1,483
BEYKOZ,DERESEK?,0,2,19,66,0,0,0,0,0,0,0,23
BEYKOZ,ESISLI,1,4,34,106,0,0,0,0,0,0,0,48
BEYKOZ,FATIH,0,4,31,91,0,0,0,1,0,0,0,83
BEYKOZ,G?KSU,5,15,80,149,1,0,6,13,0,0,1,140
BEYKOZ,SISLI,0,1,7,19,0,0,0,0,0,0,0,8
BEYKOZ,GSISLI,1,4,32,91,0,0,0,0,0,0,0,50
BEYKOZ,G?ZTEPE,4,15,90,209,1,0,5,12,0,0,1,295
BEYKOZ,G?M??SUYU,9,34,176,469,1,1,8,21,0,1,1,357
BEYKOZ,?NC?RK?Y,5,20,149,416,1,1,5,15,0,0,1,368
BEYKOZ,?SSISLI,1,4,26,78,0,0,0,0,0,0,0,29
BEYKOZ,SISLICA,1,5,42,119,0,0,0,3,0,0,0,97
BEYKOZ,KAVACIK,7,23,134,381,2,1,13,31,0,1,1,545
BEYKOZ,KAYNARCA,0,1,8,25,0,0,0,0,0,0,0,12
BEYKOZ,KISISLI,0,1,11,36,0,0,0,0,0,0,0,11
BEYKOZ,MAHMUT?EVKETPA?A,1,5,31,93,0,0,0,0,0,0,0,40
BEYKOZ,MERKEZ,0,2,33,122,0,0,0,1,0,0,0,63
BEYKOZ,ORTA?E?ME,4,13,83,202,2,1,5,11,0,0,0,196
BEYKOZ,???MCE,1,3,18,49,0,0,0,0,0,0,0,20
BEYKOZ,?RNEKK?Y,1,5,38,120,0,0,0,0,0,0,1,69
BEYKOZ,PA?ABAH?E,4,11,72,143,1,0,4,9,0,0,0,161
BEYKOZ,PA?AMANDIRA,2,6,26,71,0,0,0,1,0,0,0,39
BEYKOZ,POLONEZK?Y,2,6,32,77,0,0,0,0,0,0,0,27
BEYKOZ,POYRAZK?Y,1,4,16,43,0,0,0,0,0,0,0,0
BEYKOZ,R?VA,0,3,37,134,0,0,0,0,1,0,0,37
BEYKOZ,R?ZSISLIBAH?E,4,20,86,248,1,1,6,15,0,0,0,166
BEYKOZ,SO?UKSU,0,3,41,150,0,0,0,2,0,0,0,94
BEYKOZ,TOKATK?Y,7,23,137,339,3,2,9,19,0,0,0,324
BEYKOZ,YALIK?Y,7,18,83,190,2,2,7,15,0,0,0,165
BEYKOZ,YAVUZSISLIM,1,8,73,209,0,0,0,0,1,1,1,114
BEYKOZ,YEN? MASISLI,13,55,290,679,3,1,15,43,1,0,1,656
BEYKOZ,ZERZAVAT?I,0,2,12,36,0,0,0,0,0,0,0,22
SISLIKDUZU,ADNAN KAHVEC?,27,83,292,624,106,56,285,523,2,5,8,6195
SISLIKDUZU,BARI?,12,39,126,306,84,44,222,394,1,2,5,3284
SISLIKDUZU,B?Y?K?EH?R,3,10,30,89,25,13,65,115,0,0,1,1076
SISLIKDUZU,CUMHUR?YET,6,14,40,140,36,19,95,168,1,1,2,1051
SISLIKDUZU,DEREA?ZI,66,203,594,619,24,10,80,159,4,7,14,1785
SISLIKDUZU,G?RPINAR,39,126,397,450,37,20,104,191,2,2,5,2400
SISLIKDUZU,KASISLI,40,117,369,524,50,27,147,271,3,5,13,2914
SISLIKDUZU,MARMARA,25,80,241,343,56,28,152,271,3,3,7,2506
SISLIKDUZU,SAH?L,25,65,171,161,12,6,37,67,1,2,4,684
SISLIKDUZU,YASISLI,78,213,744,1075,97,53,269,496,4,5,13,4775
BESISLI,ARAP CAM?,17,29,86,157,0,0,1,2,0,0,1,12
BESISLI,ASISLI MESC?T,2,4,21,82,0,0,1,3,0,0,0,112
BESISLI,BEDRETT?N,3,7,26,63,1,0,2,5,0,0,0,225
BESISLI,BEREKETZADE,4,9,35,89,0,0,1,1,0,0,0,41
BESISLI,BOSTAN,11,23,76,142,7,6,20,37,0,0,0,198
BESISLI,B?LB?L,4,14,64,172,1,1,4,9,0,0,0,138
BESISLI,CAM??KEB?R,28,46,126,195,14,9,34,62,0,1,1,182
BESISLI,C?HANG?R,2,5,26,111,0,0,2,5,0,0,0,249
BESISLI,?ATMA MESC?T,2,6,25,67,1,1,3,5,0,0,0,169
BESISLI,?UKUR,3,8,32,97,1,1,3,7,0,0,0,59
BESISLI,EMEKYEMEZ,11,21,68,123,0,0,1,1,0,0,0,3
BESISLI,EVL?YASISLIB?,1,2,8,27,0,0,1,1,0,0,0,46
BESISLI,FET?HTEPE,8,26,148,387,6,5,19,41,0,0,0,75
BESISLI,F?RUZA?A,3,9,39,128,1,1,4,8,0,0,0,82
BESISLI,G?M??SUYU,2,4,22,86,0,0,2,3,0,0,0,82
BESISLI,HACIAHMET,16,38,133,292,10,8,28,54,0,0,0,239
BESISLI,HACIM?M?,17,22,57,102,2,1,5,8,0,0,0,32
BESISLI,HALICSISLI,11,21,80,175,12,7,31,56,0,0,0,1821
BESISLI,H?SEY?NA?A,1,4,18,69,0,0,1,3,0,0,0,85
BESISLI,?SSISLIL,29,66,200,315,10,9,27,50,0,0,1,45
BESISLI,KADI MEHMET EFEND?,7,13,53,137,7,4,19,35,0,0,0,61
BESISLI,KALYONCUSISLIU?U,4,10,40,107,2,2,6,12,0,0,0,78
BESISLI,KAMER HATUN,1,5,19,60,1,1,2,4,0,0,0,39
BESISLI,KAPTANPA?A,10,28,146,352,12,7,32,64,0,0,1,477
BESISLI,KAT?PMUSTAFASISLIB?,1,4,20,85,0,0,1,3,0,0,0,24
BESISLI,KE?EC? P?R?,18,39,164,361,10,7,29,55,1,1,1,118
BESISLI,KEMANKE? KARAMUSTAFAPA?A,23,29,69,100,2,1,5,8,0,0,1,4
BESISLI,KILSISLI PA?A,2,5,23,83,0,0,2,5,0,0,0,300
BESISLI,KOCATEPE,3,9,40,132,1,1,2,5,0,0,0,177
BESISLI,KULAKSIZ,12,21,74,148,12,8,32,58,0,0,0,637
BESISLI,KUSISLI,2,5,24,94,0,0,2,4,0,0,0,102
BESISLI,K???K PSISLI,16,29,97,179,11,8,29,53,0,0,1,199
BESISLI,M?EYYETZADE,2,5,22,73,0,0,1,1,0,0,0,25
BESISLI,?MER AVN?,4,7,29,91,1,0,5,9,0,0,0,91
BESISLI,?RNEKTEPE,22,45,166,311,15,11,40,75,1,1,1,87
BESISLI,P?R?PA?A,26,55,208,406,21,14,57,106,0,1,1,455
BESISLI,PSISLIPA?A,9,26,168,490,9,6,26,54,1,0,1,185
BESISLI,P?SISLI? HASAN EFEND?,4,8,31,82,1,0,4,7,0,0,0,293
BESISLI,SURUR? MEHMET EFEND?,15,28,84,140,9,7,24,42,0,0,0,114
BESISLI,SISLICE,22,39,123,226,21,13,55,98,0,1,1,992
BESISLI,?ASISLI,2,5,23,84,0,0,1,2,0,0,0,207
BESISLI,?EH?T MUHTAR,3,8,36,140,0,0,2,5,0,0,0,300
BESISLI,TOMTOM,2,7,31,108,1,1,3,5,0,0,0,229
BESISLI,YAHYA KAHYA,20,33,92,131,12,8,31,53,0,0,1,646
BESISLI,YEN??EH?R,5,14,60,159,3,2,9,17,0,0,0,560
BUYUKCEKMECE,19.May,13,36,139,208,13,7,35,67,1,1,2,818
BUYUKCEKMECE,AHMED?YE,5,16,60,84,1,0,3,7,0,0,0,117
BUYUKCEKMECE,ALKENT 2000,12,57,255,386,1,0,6,12,1,1,1,406
BUYUKCEKMECE,ATAT?RK,24,75,293,410,28,14,76,145,1,1,2,1933
BUYUKCEKMECE,BASISLISILER,24,111,449,550,0,0,7,23,1,2,1,579
BUYUKCEKMECE,CSISLIYE,7,66,358,608,0,0,4,17,2,3,2,471
BUYUKCEKMECE,CUMHUR?YET,11,48,189,261,9,4,31,62,1,1,2,631
BUYUKCEKMECE,?AKSISLI,9,27,96,139,7,5,22,41,0,0,0,430
BUYUKCEKMECE,D?ZDAR?YE,22,43,137,185,20,12,53,95,0,0,1,818
BUYUKCEKMECE,EK?NOBA,8,29,115,183,14,7,40,77,1,1,2,1061
BUYUKCEKMECE,FATIH,29,80,306,422,31,16,88,166,1,1,3,1920
BUYUKCEKMECE,GSISLIE,41,174,635,734,6,2,30,65,2,3,3,1076
BUYUKCEKMECE,H?RR?YET,28,92,375,535,22,14,68,139,1,2,4,1902
BUYUKCEKMECE,KSISLIBA,6,56,313,541,0,0,1,7,2,3,3,549
BUYUKCEKMECE,KARAA?A?,5,39,219,416,0,0,0,0,1,1,1,227
BUYUKCEKMECE,KUMBURGAZ,20,81,328,444,3,1,17,39,1,2,2,801
BUYUKCEKMECE,M?MAR S?NAN MERKEZ,42,98,324,412,21,13,61,109,1,1,3,967
BUYUKCEKMECE,M?MAROBA,10,35,143,265,22,12,63,117,1,1,2,1453
BUYUKCEKMECE,MURAT ?E?ME,15,61,246,351,15,7,49,98,1,2,4,1423
BUYUKCEKMECE,PINARTEPE,22,85,326,465,25,11,75,148,2,3,4,1849
BUYUKCEKMECE,S?NANOBA,20,78,273,349,22,11,62,116,1,1,2,1681
BUYUKCEKMECE,T?RKOBA,23,115,521,740,3,2,17,55,2,1,6,1216
BUYUKCEKMECE,ULUS,33,93,361,472,25,16,71,135,1,1,3,1732
BUYUKCEKMECE,YEN?MASISLI,10,40,161,207,0,0,6,14,1,1,1,238
CSISLIA,SISLIN,1,4,18,52,0,0,0,1,0,0,0,11
CSISLIA,ATAT?RK,0,1,10,48,0,0,0,0,0,0,0,234
CSISLIA,AYADALAR,0,1,9,39,0,0,0,0,0,0,0,249
CSISLIA,BAH?AY??,0,3,15,37,0,0,0,0,0,0,0,5
CSISLIA,BA?AK,0,0,5,19,0,0,0,0,0,0,0,186
CSISLIA,BELGRAT,0,0,5,20,0,0,0,0,0,0,0,19
CSISLIA,SILEPK?Y,0,0,3,12,0,0,0,0,0,0,0,12
CSISLIA,?AKIL,10,47,218,397,0,0,2,4,1,1,2,8
CSISLIA,?ANAK?A,1,7,46,142,0,0,0,1,0,0,0,47
CSISLIA,?SISLIKK?Y,0,2,17,67,0,0,0,0,0,0,0,63
CSISLIA,DA?YEN?CE,1,3,15,45,0,0,0,0,0,0,0,8
CSISLIA,ELBASAN,2,9,48,100,0,0,0,0,0,0,1,0
CSISLIA,FATIH,0,1,9,41,0,0,0,0,0,0,0,42
CSISLIA,FERHATPA?A,8,40,225,550,3,1,15,38,1,1,2,3
CSISLIA,G?KSISLI,1,6,40,109,0,0,0,1,0,0,0,74
CSISLIA,G?M??PINAR,0,1,8,31,0,0,0,0,0,0,0,3
CSISLIA,SISLI?LI,3,8,37,98,0,0,0,1,0,0,1,48
CSISLIA,H?SARSISLI,0,0,3,13,0,0,0,0,0,0,0,50
CSISLIA,?HSAN?YE,2,8,37,102,0,0,0,1,0,0,0,59
CSISLIA,?NCE??Z,1,7,42,108,0,0,0,0,0,1,0,72
CSISLIA,?ZZETT?N,1,7,56,150,0,0,0,0,0,1,1,88
CSISLIA,KABAK?A,5,17,76,193,0,0,0,1,0,0,1,16
CSISLIA,SILE???,9,42,213,436,1,1,6,15,1,1,2,232
CSISLIA,KALFA,0,1,11,39,0,0,0,0,0,0,0,16
CSISLIA,KARACAK?Y MERKEZ,0,2,27,98,0,0,0,0,0,0,1,13
CSISLIA,KARAMANDERE,0,1,7,27,0,0,0,0,0,0,0,18
CSISLIA,KESTSISLIK,1,6,41,118,0,0,1,1,0,0,0,12
CSISLIA,KSISLIAAL?,0,1,8,26,0,0,0,0,0,0,0,33
CSISLIA,MURATBEY MERKEZ,1,13,80,157,0,0,0,1,0,1,1,6
CSISLIA,NAKKA?,2,8,39,100,0,0,0,0,0,0,0,50
CSISLIA,OSISLI,1,3,22,63,0,0,0,0,0,0,0,16
CSISLIA,ORSISLI,0,1,13,48,0,0,0,0,0,0,0,69
CSISLIA,OVAYEN?CE,11,39,159,261,0,0,1,2,1,1,1,1
CSISLIA,?RSISLI,0,2,18,56,0,0,0,0,0,0,0,4
CSISLIA,?RENC?K,0,1,11,43,0,0,0,0,0,0,0,7
CSISLIA,SUBA?I,2,8,47,130,0,0,0,0,0,0,0,88
CSISLIA,YALIK?Y,0,1,12,54,0,0,0,0,0,0,0,40
CSISLIA,SISLICIK,0,0,0,2,0,0,0,0,0,0,0,6
CSISLIA,SISLIK,0,0,6,22,0,0,0,0,0,0,0,25
CEKMEKOY,ALEMDA?,1,7,56,160,0,0,1,2,0,0,0,140
CEKMEKOY,AYADALAR,1,5,53,191,0,0,1,10,0,0,1,296
CEKMEKOY,CUMHUR?YET,1,4,39,139,0,0,2,7,0,0,0,296
CEKMEKOY,SISLIK,0,2,25,145,0,0,1,7,0,0,0,233
CEKMEKOY,?SISLIE?E,1,8,63,193,0,0,1,4,0,0,0,184
CEKMEKOY,EK?SISLI,1,7,59,171,0,0,1,4,0,0,0,180
CEKMEKOY,GUNGOREN,0,3,22,82,0,0,1,4,0,0,0,146
CEKMEKOY,HAM?D?YE,1,4,46,224,0,0,2,12,1,2,2,118
CEKMEKOY,H?SESISLI,1,3,22,67,0,0,0,0,0,0,0,355
CEKMEKOY,K?SISLIDERE,0,2,21,87,0,0,1,4,0,0,0,22
CEKMEKOY,KSISLIU,1,5,27,67,0,0,0,1,0,0,0,119
CEKMEKOY,MEHMET AK?F,1,7,66,310,0,0,3,19,0,0,1,42
CEKMEKOY,MERKEZ,1,13,113,364,0,0,0,8,0,0,1,455
CEKMEKOY,M?MAR S?NAN,1,7,70,251,0,0,2,12,0,0,0,459
CEKMEKOY,N??ANTEPE,0,4,48,143,0,0,0,0,0,0,0,399
CEKMEKOY,?SISLI,3,14,107,281,1,0,0,2,2,2,2,142
CEKMEKOY,RE?AD?YE,0,6,58,169,0,0,0,0,0,0,0,0
CEKMEKOY,SIRAPINAR,1,3,25,70,0,0,0,0,0,0,0,121
CEKMEKOY,SO?UKPINAR,0,3,28,95,0,0,0,3,0,0,0,60
CEKMEKOY,SULTAN?SISLI??,1,4,32,115,0,0,1,6,0,0,0,28
CEKMEKOY,TASISLIN,0,2,18,68,0,0,1,4,0,0,0,127
EADALAR,SISLIK,17,41,228,567,23,13,63,124,0,0,1,233
EADALAR,??FTE HAADALAR,12,23,68,88,11,8,29,51,0,0,1,119
EADALAR,DAVUTPA?A,28,57,226,387,37,20,96,174,1,1,2,1713
EADALAR,FATIH,41,84,394,837,72,39,190,353,1,1,2,3725
EADALAR,FEVZ? ?AKMAK,32,62,263,544,62,34,162,295,0,1,1,2788
EADALAR,HASISLINI,15,40,224,588,20,11,55,111,0,0,1,1579
EADALAR,KAZIM KARABEK?R,26,52,250,604,51,28,135,252,0,1,1,2463
EADALAR,KEMER,31,64,270,519,42,23,111,205,1,1,2,1938
EADALAR,MENDERES,35,64,266,576,70,39,184,334,0,0,1,2828
EADALAR,M?MAR S?NAN,23,43,162,293,36,20,94,168,0,0,1,1342
EADALAR,NAMIK KEMAL,27,54,199,328,33,19,87,157,1,1,2,1680
EADALAR,N?NE HATUN,49,90,367,735,102,55,267,480,1,0,1,4062
EADALAR,ORU?RE?S,8,28,220,721,11,6,32,74,1,1,2,1249
EADALAR,TUNA,32,74,365,775,47,26,125,238,0,0,1,2474
EADALAR,TURGUT RE?S,7,22,178,633,11,6,31,70,0,0,1,1206
EADALAR,YAVUZSISLIM,8,15,59,107,10,5,26,47,0,0,0,348
ESENYURT,AK?ABURGAZ,9,44,232,457,8,4,27,62,1,2,4,1166
ESENYURT,AADALAR,2,6,27,62,6,3,16,33,0,0,1,383
ESENYURT,AK?EMSEDD?N,11,34,131,194,12,7,33,63,0,0,1,644
ESENYURT,ARSISLI,9,34,149,226,9,4,27,54,1,0,1,566
ESENYURT,A?IK VEYSEL,5,10,47,174,13,7,36,67,0,0,1,629
ESENYURT,ATAT?RK,12,45,192,306,12,6,34,70,1,1,2,1078
ESENYURT,ADALAR?E?ME,20,62,291,550,38,21,103,201,1,1,2,2579
ESENYURT,BALISISLI,19,70,306,509,29,16,81,162,1,1,1,2456
ESENYURT,BARBAROS HAYRETT?N PA?A,5,14,47,141,26,13,69,126,1,1,1,1126
ESENYURT,BASISLIAZ?,10,35,168,322,15,8,44,90,0,0,1,1295
ESENYURT,CUMHUR?YET,2,4,12,49,14,7,36,64,0,0,1,524
ESENYURT,?INAR,14,45,224,448,26,14,72,145,0,0,1,2209
ESENYURT,ESENKENT,5,18,96,197,8,3,21,42,0,0,1,637
ESENYURT,FATIH,20,52,226,428,37,22,102,196,1,1,1,2269
ESENYURT,G?ADALAR,2,6,22,55,12,5,33,60,0,0,1,325
ESENYURT,GSISLIURT,9,24,114,241,19,9,53,102,1,1,2,1172
ESENYURT,H?RR?YET,17,59,248,424,28,16,82,163,1,1,2,2240
ESENYURT,?NC?RTEPE,23,67,279,471,38,21,105,200,1,1,1,2478
ESENYURT,?N?N?,16,50,227,404,31,16,84,162,1,1,1,2201
ESENYURT,?SSISLIL,12,44,207,403,17,10,49,101,0,1,1,1349
ESENYURT,KOZA,4,13,57,118,4,2,14,26,0,0,1,199
ESENYURT,MEHMET AK?F ERSOY,7,23,114,251,23,12,65,129,0,1,1,1670
ESENYURT,MEHTER?E?ME,16,49,237,491,42,23,120,240,1,1,2,2813
ESENYURT,SISLINA,4,9,29,93,22,12,60,107,0,1,1,723
ESENYURT,NAMIK KEMAL,33,77,289,452,40,22,109,201,1,1,2,2307
ESENYURT,NEC?P FSISLIKISAK?REK,14,49,208,344,22,12,62,123,0,1,1,1687
ESENYURT,ORHAN GAZ?,6,22,103,193,6,3,18,36,1,1,1,698
ESENYURT,OSMANGAZ?,29,117,542,926,25,14,73,153,2,2,4,2628
ESENYURT,?RNEK,16,53,246,429,22,12,61,122,0,0,1,1580
ESENYURT,PINAR,24,73,341,649,47,27,130,255,1,1,2,3114
ESENYURT,P?R? RE?S,2,6,24,78,13,7,35,65,0,0,1,542
ESENYURT,SAADETDERE,33,78,297,476,45,25,120,223,1,1,2,2280
ESENYURT,SELAHADD?N EYYUB?,12,46,223,439,17,9,51,109,1,1,2,1765
ESENYURT,SULTAN?YE,11,31,145,285,22,12,61,118,0,0,1,1433
ESENYURT,SILEYMAN?YE,17,53,261,514,32,18,88,174,1,1,1,2401
ESENYURT,?EADALAR,11,42,196,350,17,9,48,97,0,0,1,1443
ESENYURT,TALATPA?A,16,51,238,460,34,18,93,184,1,1,2,2156
ESENYURT,TURGUT ?ZAL,19,48,190,329,34,19,93,174,1,1,2,2275
ESENYURT,?ADALAR,13,40,196,413,30,16,82,163,0,0,1,2031
ESENYURT,YEN?KENT,16,46,217,411,27,15,73,142,0,0,1,1788
ESENYURT,YSISLIENT,13,41,185,354,36,20,101,199,1,1,3,1799
ESENYURT,YUNUS EMRE,18,58,243,384,28,15,78,149,0,0,1,1948
ESENYURT,ZAFER,7,20,85,172,17,9,47,89,1,1,2,804
EYUP,ASISLI,1,4,20,52,0,0,0,0,0,0,0,23
EYUP,AKPINAR,4,10,30,65,0,0,2,3,0,0,0,48
EYUP,AK?EMSETT?N,4,18,107,402,3,2,14,38,0,1,1,768
EYUP,AL?BEYK?Y,19,49,203,397,9,6,26,52,0,1,1,620
EYUP,?IR?IR,7,26,148,452,2,1,13,30,0,0,1,701
EYUP,??SISLIN,1,3,7,16,0,0,0,0,0,0,0,11
EYUP,DEFTERDAR,29,59,207,289,15,10,37,70,0,1,1,515
EYUP,D??MADALAR,14,37,183,340,14,9,39,77,0,0,1,1229
EYUP,EMN?YETTEPE,10,25,108,240,5,3,15,30,0,0,1,436
EYUP,ESENTEPE,10,30,137,341,5,4,17,37,0,0,1,822
EYUP,G?KT?RK MERKEZ,15,64,321,745,6,1,31,76,1,1,2,1564
EYUP,GSISLIEPE,16,43,211,532,9,6,29,62,1,1,1,1175
EYUP,IADALAR,1,5,22,57,0,0,0,0,0,0,0,24
EYUP,?HSAN?YE,0,2,6,14,0,0,0,0,0,0,0,9
EYUP,?SLAMBEY,22,54,236,482,16,11,44,87,0,0,1,844
EYUP,KARSISLIP,12,41,197,524,5,4,21,47,0,0,1,832
EYUP,MERKEZ,26,53,187,322,15,11,43,79,1,1,1,891
EYUP,M?MAR S?NAN,5,21,101,197,1,1,5,10,0,0,1,209
EYUP,M?THATPA?A,11,40,180,338,2,2,8,18,1,1,1,324
EYUP,N??ANCI,24,66,297,492,18,13,50,98,1,1,1,1144
EYUP,ODAYER?,0,2,11,27,0,0,0,0,0,0,0,10
EYUP,P?R?N???,3,13,65,165,0,0,1,6,0,0,0,112
EYUP,RAM? CUMA,10,26,119,244,11,7,32,61,0,0,0,911
EYUP,RAM? YEN?,15,36,157,288,11,7,31,60,0,0,1,972
EYUP,SAKARYA,6,22,101,265,3,2,11,23,0,0,0,349
EYUP,S?LAHTARA?A,5,17,90,240,3,2,9,20,0,0,0,342
EYUP,TOADALAR,26,62,260,366,9,5,26,50,1,1,2,455
EYUP,YSISLIINAR,4,13,83,345,6,3,21,46,0,0,1,727
FATIH,AKSARAY,81,130,350,510,40,27,103,178,1,1,2,1136
FATIH,AK?EMSETT?N,64,100,320,654,67,41,174,303,1,1,1,2010
FATIH,ALEMDAR,10,21,78,161,0,0,2,3,0,1,0,33
FATIH,AL? KU??U,49,77,222,389,42,28,111,193,0,0,1,1255
FATIH,ATSISLI,45,73,218,375,52,32,134,234,0,0,1,1747
FATIH,AYVANSARAY,111,214,568,848,56,47,154,275,1,1,2,2164
FATIH,BALABANA?A,7,12,37,68,0,0,1,2,0,0,0,10
FATIH,BALAT,78,144,392,645,51,41,137,246,0,0,1,1618
FATIH,BEYAZIT,19,32,94,135,0,0,1,2,1,0,1,8
FATIH,B?NB?RD?REK,12,22,69,100,3,2,7,13,0,0,1,110
FATIH,CANKURTARAN,25,53,157,211,4,4,11,20,0,0,1,174
FATIH,CERRAHPA?A,50,76,209,293,41,25,106,182,0,1,1,1086
FATIH,CSISLI,42,82,245,365,23,18,63,112,0,0,1,964
FATIH,DEM?RTA?,18,30,79,105,1,1,3,6,0,0,1,35
FATIH,DERV?SISLI,60,114,333,560,49,35,131,233,0,0,1,1856
FATIH,EM?N S?NAN,13,25,77,115,3,3,9,16,0,0,0,142
FATIH,HACI KADIN,9,19,57,74,2,2,7,12,0,0,0,58
FATIH,HASEK?SISLIAN,47,72,208,350,45,27,117,201,0,0,1,1150
FATIH,HIRKA-? ?ER?F,78,125,362,596,83,52,217,376,1,1,2,2714
FATIH,HOBYAR,11,20,67,137,0,0,0,1,0,0,1,9
FATIH,HOCA GIYASETT?N,12,25,72,91,3,2,8,14,0,0,0,106
FATIH,HOCAPA?A,13,24,75,146,0,0,0,1,0,0,1,18
FATIH,?SKENDERPA?A,41,70,226,487,33,21,88,154,0,1,1,1152
FATIH,SILENDERHANE,4,9,28,43,1,1,4,7,0,0,0,50
FATIH,KARAG?MR?K,42,70,204,310,41,27,108,187,0,1,1,1194
FATIH,KAT?P KASIM,29,48,128,181,7,5,18,31,0,0,1,249
FATIH,KSISLIA?A,9,17,60,149,1,1,4,7,0,0,0,36
FATIH,KOCA MUSTAFAPA?A,128,185,456,621,120,78,309,527,1,1,2,2981
FATIH,K???K AYASOFYA,27,53,164,232,7,6,20,36,0,0,1,335
FATIH,MERCAN,12,26,85,144,0,0,1,2,0,0,0,5
FATIH,MES?HPA?A,7,13,43,103,1,0,3,4,0,0,0,12
FATIH,SISLINAKAPI,80,124,330,457,84,54,218,375,1,1,1,2620
FATIH,M?MAR HAYRETT?N,29,51,151,226,5,4,14,24,0,0,1,91
FATIH,M?MAR KSISLITT?N,21,35,108,181,2,1,5,8,0,0,1,29
FATIH,SISLI FENAR?,20,36,112,176,0,0,2,3,0,0,0,13
FATIH,SISLI G?RAN?,52,82,251,472,48,29,124,215,0,1,1,1405
FATIH,SISLI H?SREV,6,13,43,63,2,2,6,10,0,0,0,95
FATIH,MUHS?NE HATUN,19,33,99,153,6,4,16,28,0,0,0,276
FATIH,N??ANCA,29,51,155,250,12,8,31,55,0,0,1,539
FATIH,R?STEMPA?A,6,12,38,63,0,0,0,0,0,0,0,2
FATIH,SARA? ?SHAK,13,23,70,107,3,2,9,15,0,0,0,126
FATIH,SARIDEM?R,15,21,44,49,0,0,1,2,0,0,0,3
FATIH,SEYY?D ?MER,77,119,341,572,91,54,236,407,1,1,2,2979
FATIH,SILIVRIKAPI,53,83,237,371,66,39,171,294,0,1,1,2012
FATIH,SULTAN AHMET,17,34,98,124,4,3,10,18,0,0,0,128
FATIH,SURUR?,10,19,61,101,0,0,0,1,0,0,0,4
FATIH,SILEYMAN?YE,9,20,68,112,1,1,3,6,0,0,0,76
FATIH,S?SISLIEFEND?,56,87,229,310,63,40,164,281,0,1,1,2220
FATIH,?EHREM?N?,68,109,327,571,76,44,195,338,1,1,2,2320
FATIH,?EHSUVAR BEY,23,41,124,187,6,5,16,28,0,0,1,234
FATIH,TAHTSISLI,10,20,65,111,0,0,0,0,0,0,0,4
FATIH,TAYA HATUN,12,23,69,106,0,0,1,1,0,0,0,13
FATIH,TOPKAPI,61,94,242,338,46,31,120,206,1,1,1,1193
FATIH,YAVUZ S?NAN,9,17,48,59,2,1,5,8,0,0,0,46
FATIH,YAVUZSISLIANSISLIM,54,104,308,531,39,30,107,191,0,0,1,1849
FATIH,YEDSISLI,137,185,410,448,118,83,301,514,1,1,2,2588
FATIH,ZEYREK,44,79,238,422,34,24,91,161,0,1,1,1502
GAZ?OSMANPA?A,ADALARBA?I,8,24,142,423,10,6,29,60,0,0,1,918
GAZ?OSMANPA?A,BARBAROS HAYRETT?N PA?A,9,25,185,655,12,6,35,76,1,1,1,1180
GAZ?OSMANPA?A,FEVZ? ?AKMAK,5,13,82,256,6,3,18,39,0,0,0,664
GAZ?OSMANPA?A,H?RR?YET,10,24,147,435,13,7,36,72,0,0,1,1004
GAZ?OSMANPA?A,KARADEN?Z,9,25,192,759,15,7,44,99,1,1,1,1571
GAZ?OSMANPA?A,KARSISLIARI,5,21,144,492,5,3,19,48,0,0,1,939
GAZ?OSMANPA?A,SISLITEPE,4,16,90,251,4,3,13,27,0,0,0,620
GAZ?OSMANPA?A,KAZIM KARABEK?R,4,13,95,438,7,3,21,49,0,0,1,791
GAZ?OSMANPA?A,MERKEZ,18,46,249,622,15,9,42,84,1,1,1,1234
GAZ?OSMANPA?A,SISLINA,1,2,24,135,1,0,4,13,0,0,0,268
GAZ?OSMANPA?A,PAZAR???,8,26,136,333,6,4,17,36,0,0,0,466
GAZ?OSMANPA?A,SARIG?L,15,51,219,561,12,9,38,78,0,0,1,1114
GAZ?OSMANPA?A,?EMS?PA?A,4,11,87,307,6,4,18,38,0,0,0,580
GAZ?OSMANPA?A,YEN? MASISLI,11,34,180,515,14,8,39,81,0,1,1,1304
GAZ?OSMANPA?A,YEN?DO?AN,7,29,127,308,5,4,16,35,0,0,0,348
GAZ?OSMANPA?A,YILDIZTABYA,11,43,177,479,9,7,29,63,0,0,1,962
GUNGOREN,ABDURRAHMAN NAF?Z G?RMAN,22,40,122,207,67,37,174,299,0,1,2,2279
GUNGOREN,AKIADALAR,21,35,150,307,54,29,139,248,0,0,1,1911
GUNGOREN,GEN?OSMAN,27,57,260,521,66,35,175,323,1,1,3,3121
GUNGOREN,G?NE?TEPE,40,75,348,719,102,55,267,487,1,1,3,4645
GUNGOREN,G?VEN,24,39,144,282,63,33,161,282,0,1,1,1754
GUNGOREN,HAZNEDAR,30,48,176,351,72,38,185,324,0,1,1,1997
GUNGOREN,MARSISLI?AKMAK,32,54,234,487,81,43,210,376,1,1,2,2906
GUNGOREN,MEHMET NES?H ?ZMEN,34,64,214,341,41,26,109,190,1,1,3,1050
GUNGOREN,MERKEZ,44,75,325,661,112,61,292,521,1,1,3,4534
GUNGOREN,SANAY?,38,75,300,509,44,24,117,209,1,1,3,1389
GUNGOREN,TOZKOPARAN,30,49,134,212,52,34,136,237,1,0,2,1892
KADIKOY,19.May,3,8,42,204,5,2,18,38,0,1,1,482
KADIKOY,ACIBADEM,9,20,113,367,12,6,38,73,1,0,1,953
KADIKOY,BOSTANCI,8,20,96,345,11,4,35,67,1,1,1,814
KADIKOY,CADDEBOSTAN,6,15,74,260,6,2,22,43,0,0,1,489
KADIKOY,CAFERA?A,17,38,196,648,13,6,39,74,1,0,1,787
KADIKOY,SISLIPINAR,12,33,152,248,11,6,31,58,0,1,1,713
KADIKOY,E??T?M,18,49,221,396,15,9,40,75,0,0,1,832
KADIKOY,ERENK?Y,5,12,53,232,8,3,26,49,0,0,1,581
KADIKOY,FENERBAH?E,5,15,81,256,4,1,15,30,0,0,1,446
KADIKOY,FENESISLI,4,10,49,198,6,2,21,40,0,0,0,517
KADIKOY,F?K?RTEPE,17,43,207,316,10,6,29,55,0,1,1,714
KADIKOY,G?ZTEPE,6,14,66,292,7,3,28,54,1,1,1,627
KADIKOY,HASANPA?A,18,40,182,405,16,10,46,87,0,0,1,800
KADIKOY,KO?SISLI,6,23,116,280,2,2,12,26,0,0,0,312
KADIKOY,KOZYATA?I,3,8,39,208,5,2,20,40,0,0,1,483
KADIKOY,MERD?VENK?Y,17,42,191,434,17,9,49,96,1,1,1,1533
KADIKOY,OSMANA?A,16,33,167,481,10,5,25,46,0,0,1,349
KADIKOY,RAS?MPA?A,18,41,189,518,12,6,31,58,0,0,1,617
KADIKOY,SAHRAYICED?T,4,9,46,204,6,3,24,46,0,0,1,597
KADIKOY,SUAD?YE,5,12,68,265,5,2,19,37,1,0,1,454
KADIKOY,Z?HT?PA?A,11,20,78,160,9,4,24,43,0,1,1,485
KAGITHANE,SISLIYAN,6,19,137,462,5,3,19,43,0,0,1,717
KAGITHANE,?EL?KTEPE,4,11,95,393,4,1,13,30,0,0,0,480
KAGITHANE,EMN?YETADALAR?,1,2,17,83,1,0,3,7,0,0,0,106
KAGITHANE,G?LTEPE,2,6,51,204,2,1,6,13,0,0,0,224
KAGITHANE,G?RSEL,8,22,137,430,6,3,22,47,0,0,1,774
KAGITHANE,HAM?D?YE,3,12,63,252,3,2,16,37,1,1,1,835
KAGITHANE,HARMANTEPE,3,10,86,311,2,1,8,20,0,0,0,328
KAGITHANE,H?RR?YET,4,14,87,313,4,2,11,25,0,0,0,394
KAGITHANE,MEHMET AK?F ERSOY,10,25,112,243,8,6,23,44,0,0,1,908
KAGITHANE,MERKEZ,11,31,162,459,9,6,29,61,1,1,1,722
KAGITHANE,NURTEPE,9,25,123,326,8,5,26,52,0,1,1,865
KAGITHANE,ORTABAYIR,3,8,67,276,3,1,10,22,0,0,0,342
KAGITHANE,SEYRANTEPE,3,10,71,286,1,0,8,22,0,0,1,410
KAGITHANE,SULTANSISLIM,3,9,74,356,3,1,12,28,0,0,1,442
KAGITHANE,??R?NTEPE,2,8,55,229,3,1,8,19,0,0,0,349
KAGITHANE,TALATPA?A,12,32,178,529,12,6,32,68,1,1,1,1049
KAGITHANE,TELADALAR,2,5,41,173,2,1,6,14,0,0,0,180
KAGITHANE,YAHYA KEMAL,6,21,125,304,7,4,19,39,0,0,1,607
KAGITHANE,YSISLIE,2,5,46,187,1,0,4,10,0,0,0,176
KARTAL,ADALAR,8,19,131,438,12,5,33,68,1,1,1,985
KARTAL,CESISLI,8,22,151,435,9,5,27,57,0,0,1,914
KARTAL,CUMHUR?YET,5,21,141,407,2,0,12,28,0,0,1,653
KARTAL,?AVUSISLI,12,33,170,373,7,3,20,40,0,0,1,678
KARTAL,ESENTEPE,9,32,209,564,5,2,21,48,1,1,1,853
KARTAL,G?M??PINAR,6,22,133,366,7,3,22,49,0,0,1,914
KARTAL,H?RR?YET,19,72,401,948,13,7,48,107,1,1,2,2088
KARTAL,SISLIKTEPE,12,31,185,517,11,6,33,68,1,1,1,1217
KARTAL,KORDONBOYU,10,24,105,254,10,5,29,55,0,0,2,560
KARTAL,ORHANTEPE,22,62,309,618,18,8,57,114,1,1,3,1752
KARTAL,ORTA,3,10,72,255,3,1,10,23,0,0,0,425
KARTAL,PESISLI??,7,17,109,377,11,5,31,63,1,1,1,905
KARTAL,SOSISLIK YEN?,6,21,133,397,6,2,20,45,0,0,1,839
KARTAL,TOSISLI?,10,29,167,325,8,4,22,44,0,0,1,702
KARTAL,U?UR MUMCU,4,9,42,194,16,8,47,91,0,0,1,965
KARTAL,YAKACIK ?ARSI,13,44,199,441,5,3,21,48,1,1,1,774
KARTAL,YAKACIK YEN?,9,32,152,314,7,4,24,50,0,0,1,920
KARTAL,YALI,13,31,148,279,11,7,29,56,0,0,1,775
KARTAL,YUKARI,6,15,73,188,6,3,16,31,0,0,0,363
KARTAL,YUNUS,17,47,252,483,9,6,31,63,0,1,1,907
KUCUKCEKMECE,ATAKENT,8,25,118,356,24,10,82,170,2,2,3,3055
KUCUKCEKMECE,ATAT?RK,32,97,473,985,41,25,115,230,1,1,2,3108
KUCUKCEKMECE,BE?YOL,7,17,55,88,5,3,14,27,0,0,1,193
KUCUKCEKMECE,CENNET,88,134,325,415,126,85,330,567,1,1,3,3933
KUCUKCEKMECE,CUMHUR?YET,109,209,626,803,148,89,392,696,2,2,5,6445
KUCUKCEKMECE,FATIH,54,74,168,184,54,34,140,238,1,1,2,1489
KUCUKCEKMECE,FEVZ? ?AKMAK,84,155,477,603,89,51,232,406,1,1,2,3312
KUCUKCEKMECE,G?LTEPE,52,116,391,591,68,39,182,332,1,1,3,3207
KUCUKCEKMECE,HASISLI MERKEZ,57,163,709,1315,92,53,255,492,2,2,7,5838
KUCUKCEKMECE,?N?N?,95,243,924,1399,143,83,385,711,2,2,6,7372
KUCUKCEKMECE,?STASYON,46,116,452,751,46,29,129,246,1,1,3,3350
KUCUKCEKMECE,KANARYA,116,235,802,1210,144,91,384,696,1,1,4,7297
KUCUKCEKMECE,KASISLIEPE,62,112,313,374,52,34,137,239,1,1,3,1752
KUCUKCEKMECE,KSISLIA?A,34,65,219,316,44,24,114,202,0,1,1,1655
KUCUKCEKMECE,MEHMET AK?F,21,75,435,991,33,19,95,201,1,1,2,3390
KUCUKCEKMECE,S?SISLI ?E?ME,82,181,645,892,89,51,236,424,1,1,3,3896
KUCUKCEKMECE,SULTAN MURAT,42,85,262,329,47,28,125,222,0,1,1,1891
KUCUKCEKMECE,TEVF?KBEY,87,171,533,722,103,63,272,482,1,2,4,4404
KUCUKCEKMECE,YARIMBURGAZ,11,45,204,362,3,2,20,45,0,1,1,750
KUCUKCEKMECE,YEN? MASISLI,67,118,327,437,71,49,190,336,1,1,3,2297
KUCUKCEKMECE,YSISLIVA,86,180,520,676,93,63,250,451,1,1,4,4140
MALTEPE,ALTAY?E?ME,6,15,90,294,9,4,27,57,0,1,1,877
MALTEPE,ALTINTEPE,10,22,126,403,18,9,47,93,1,0,1,1077
MALTEPE,AYDIADALAR,4,16,86,265,2,1,12,31,0,0,1,573
MALTEPE,ADALARBA?I,26,59,309,720,35,19,95,181,1,1,2,2227
MALTEPE,BA?IB?Y?K,19,68,286,618,10,8,37,80,1,1,1,1184
MALTEPE,B?Y?KBASISLI?Y,3,15,86,189,0,0,1,5,0,0,1,80
MALTEPE,CESISLI,27,69,343,710,30,15,85,162,1,1,2,2224
MALTEPE,?INAR,4,10,67,218,6,3,19,41,0,0,1,602
MALTEPE,ESENKENT,22,70,290,581,18,12,55,108,0,1,2,1406
MALTEPE,FESISLIAH,14,30,140,313,20,10,53,98,1,1,1,1170
MALTEPE,FINSISLI,4,14,130,561,4,2,22,57,0,0,1,1156
MALTEPE,G?RNE,2,9,53,176,2,0,10,25,0,0,0,433
MALTEPE,SILENSU,28,99,400,753,14,12,44,90,0,1,1,976
MALTEPE,G?LSUYU,20,67,316,595,12,9,37,76,1,1,1,947
MALTEPE,?SISLIEPE,4,12,84,270,7,3,22,47,0,0,1,702
MALTEPE,K???SISLI MERKEZ,6,15,100,315,9,4,27,57,0,0,1,816
MALTEPE,YALI,25,57,212,320,20,11,55,102,1,1,2,1208
MALTEPE,Z?MR?ADALAR,13,43,270,855,18,8,58,128,1,1,2,2444
PENDIK,AHMET YESEV?,7,38,233,524,6,2,24,59,1,1,2,1282
PENDIK,BASISLISILER,7,23,130,306,6,3,19,38,0,0,1,609
PENDIK,SISLICA,1,4,25,60,0,0,0,0,0,0,0,28
PENDIK,BATI,8,23,122,309,8,4,25,50,0,0,1,737
PENDIK,?AM?E?ME,7,23,161,487,8,4,26,57,0,0,1,1046
PENDIK,SISLIK,3,19,114,243,1,0,5,21,0,1,1,616
PENDIK,?INARDERE,11,38,188,386,8,6,27,56,0,0,1,958
PENDIK,DO?U,9,26,130,321,10,5,30,59,1,1,1,813
PENDIK,SISLIPINAR,17,58,286,611,11,8,38,82,1,1,1,1398
PENDIK,ESISLI,0,2,12,36,0,0,0,0,0,0,0,14
PENDIK,ERTUSISLIGAZ?,29,107,405,796,7,9,40,85,0,1,1,720
PENDIK,EADALAR,3,15,111,366,2,1,12,31,0,0,1,782
PENDIK,ESESISLI,5,14,65,277,7,3,19,37,0,0,1,357
PENDIK,FATIH,6,25,163,415,6,3,19,43,0,0,1,905
PENDIK,FEVZ? ?AKMAK,7,26,179,537,7,2,26,60,1,1,1,1133
PENDIK,G??SISLI,1,6,45,118,0,0,0,0,0,0,0,50
PENDIK,SISLI ADALAR,4,21,131,316,1,0,11,26,0,0,1,552
PENDIK,GSISLIALI,8,27,133,513,10,3,31,62,1,1,2,988
PENDIK,HARMANDERE,5,16,60,118,4,2,13,27,0,0,0,441
PENDIK,KAVAKPINAR,21,93,557,1271,19,8,65,145,1,1,3,2841
PENDIK,KAYNARCA,12,37,235,734,14,6,46,99,1,1,2,1681
PENDIK,KURNA,2,9,47,111,0,0,0,1,0,1,0,65
PENDIK,KURTDO?MU?,0,1,10,35,0,0,0,0,0,0,0,10
PENDIK,KURTK?Y,3,15,109,334,0,0,8,26,0,0,1,743
PENDIK,ORHANGAZ?,8,33,217,557,9,4,26,59,1,0,1,1239
PENDIK,ORTA,8,24,107,196,5,4,16,32,0,0,0,415
PENDIK,RAMAZASISLI,11,47,212,354,1,0,10,23,1,1,1,220
PENDIK,SANAY?,6,28,133,219,3,2,9,19,1,0,1,215
PENDIK,SAPAN ADALARI,10,27,135,266,8,5,22,45,0,0,1,688
PENDIK,S?L?NTEPE,8,41,230,537,4,2,19,47,0,1,1,976
PENDIK,?SISLI,7,27,144,313,4,2,17,38,1,1,1,832
PENDIK,VEL?BABA,10,48,271,665,5,3,26,66,1,1,2,1391
PENDIK,YADALAR,5,21,112,256,1,0,10,24,0,0,1,496
PENDIK,YEN?,16,44,208,365,14,8,38,74,0,1,1,1129
PENDIK,YEN??EH?R,3,18,117,335,2,0,17,49,1,1,1,1526
PENDIK,YSISLIA?LAR,6,17,88,162,4,2,13,26,0,0,1,385
SANCAKTEPE,ABDURRAHMANGAZ?,5,29,183,515,3,1,13,35,1,1,2,931
SANCAKTEPE,AKPINAR,14,57,268,534,11,7,36,78,1,1,2,1340
SANCAKTEPE,ATAT?RK,1,6,69,285,0,0,2,12,0,0,0,359
SANCAKTEPE,EMEK,4,22,144,394,3,1,14,36,0,1,1,844
SANCAKTEPE,EYUPSISLIAN,5,24,154,419,1,0,9,28,1,1,2,628
SANCAKTEPE,FATIH,7,35,213,538,4,1,21,54,1,1,2,1257
SANCAKTEPE,H?LAL,1,7,54,148,0,0,2,6,0,0,0,157
SANCAKTEPE,?N?N?,1,4,48,228,0,0,2,11,0,0,0,271
SANCAKTEPE,KSISLITADALAR,1,7,63,230,0,0,3,12,0,0,0,329
SANCAKTEPE,SISLIS,1,6,64,286,1,0,4,15,0,1,1,393
SANCAKTEPE,MERVE,2,12,96,285,0,0,3,15,0,0,1,457
SANCAKTEPE,SISLINA,2,14,93,265,1,1,6,18,0,0,1,434
SANCAKTEPE,OSMANGAZ?,19,84,416,861,11,6,46,111,1,1,3,2173
SANCAKTEPE,PA?AK?Y,1,9,51,125,0,0,0,0,0,0,0,65
SANCAKTEPE,SAFA,2,13,88,256,1,0,7,21,0,0,0,517
SANCAKTEPE,SARIGAZ?,4,17,114,322,3,1,12,30,0,0,1,704
SANCAKTEPE,VESISLIKARAN?,10,47,250,504,8,5,26,58,1,1,1,1215
SANCAKTEPE,YEN?DO?AN,1,6,63,226,0,0,1,9,0,0,1,313
SANCAKTEPE,YUNUS EMRE,3,17,108,312,1,1,9,25,0,0,1,580
SARIYER,AYAZA?A,5,23,152,448,2,1,13,33,1,1,1,714
SARIYER,BAH?EK?Y KEMER,0,1,12,40,0,0,0,0,0,0,0,34
SARIYER,BAH?EK?Y MERKEZ,0,1,11,39,0,0,0,2,0,0,0,49
SARIYER,BAH?EK?Y YEN?,0,1,13,47,0,0,0,1,0,0,0,62
SARIYER,BASISLIMANI,3,12,74,187,0,0,3,8,0,0,0,125
SARIYER,B?Y?KDERE,7,22,123,298,2,1,7,17,0,0,0,295
SARIYER,CUMHUR?YET,2,10,66,200,0,0,3,10,0,0,0,176
SARIYER,SISLITEPE,1,4,27,97,0,0,1,5,0,0,0,83
SARIYER,?AYIRBA?I,12,27,98,166,5,3,15,28,0,0,0,286
SARIYER,DAR???AFAKA,1,3,15,48,0,0,1,3,0,0,0,140
SARIYER,DEM?RC?K?Y,1,3,31,92,0,0,0,0,0,0,0,34
SARIYER,EM?RGAN,1,3,39,130,0,0,0,1,0,0,0,87
SARIYER,FATIHSISLIAN MEHMET,3,19,153,434,0,0,4,14,0,0,0,291
SARIYER,FERAADALAR,1,6,55,203,0,0,1,5,0,0,0,150
SARIYER,GAR?P?E,0,1,6,19,0,0,0,0,0,0,0,7
SARIYER,G?M??DERE,1,5,37,107,0,0,0,0,0,0,0,54
SARIYER,HUZUR,1,4,26,94,0,0,1,3,0,0,1,124
SARIYER,?ST?NYE,11,30,141,284,8,5,23,44,0,1,1,592
SARIYER,KAZIM KARABEK?R PA?A,2,10,75,217,0,0,2,8,0,0,0,158
SARIYER,KISIRKAYA,0,2,12,31,0,0,0,0,0,0,0,28
SARIYER,K?RE?BURNU,1,2,27,98,0,0,0,1,0,0,0,38
SARIYER,KOCATA?,1,6,46,134,0,0,1,4,0,0,0,80
SARIYER,KUMK?Y SISLIOS),1,6,57,173,0,0,0,0,0,0,1,83
SARIYER,MADEN,4,14,111,310,1,1,6,13,0,0,1,268
SARIYER,SISLIK,1,6,45,124,1,1,6,15,0,1,1,26
SARIYER,PINAR,2,9,59,192,1,1,4,10,0,0,0,195
SARIYER,POL?GON,1,3,28,91,0,0,0,3,0,0,0,98
SARIYER,PTTADALAR?,4,9,53,111,2,1,7,14,0,0,0,175
SARIYER,RE??TPA?A,4,18,125,384,1,1,6,18,1,0,1,307
SARIYER,RSISLI H?SARI,3,11,77,223,0,0,3,8,0,0,0,195
SARIYER,RSISLI KAVA?I,3,9,56,135,0,0,2,6,0,0,0,119
SARIYER,RSISLIFENER?,1,3,28,89,0,0,0,0,0,0,0,42
SARIYER,SARIYER MERKEZ,15,37,179,380,8,5,25,47,1,1,1,546
SARIYER,TARABYA,0,4,51,205,0,0,0,1,0,0,1,145
SARIYER,USKUMRUK?Y,1,12,123,364,0,0,0,0,1,1,0,184
SARIYER,YEN?,5,11,60,136,2,1,5,11,0,0,0,145
SARIYER,YEN?K?Y,2,10,92,287,0,0,2,8,0,0,1,250
SARIYER,ZEKER?YAK?Y,1,8,103,360,0,0,0,0,1,1,1,231
SILIVRI,AK?REN,4,17,83,199,0,0,0,0,1,0,1,95
SILIVRI,AL?BEY,8,28,134,330,7,4,24,53,1,1,1,1015
SILIVRI,AL?PA?A,8,31,127,221,0,0,1,3,1,1,1,117
SILIVRI,BALABAN,32,118,468,686,0,0,4,9,1,1,2,488
SILIVRI,BESISLI,3,7,24,49,0,0,0,1,0,0,0,28
SILIVRI,BEADALAR,4,13,55,131,0,0,1,2,0,0,1,69
SILIVRI,B?Y?K ?ASISLI,9,26,101,239,0,0,3,6,0,1,1,145
SILIVRI,B?Y?KSISLI?LI,4,17,75,172,0,0,0,0,0,0,0,85
SILIVRI,B?Y?K S?SISLI,3,7,25,55,0,0,0,0,0,0,0,89
SILIVRI,CUMHUR?YET,34,126,490,678,6,3,22,49,1,2,1,704
SILIVRI,?AYIRDERE,12,26,73,155,0,0,2,4,0,0,0,104
SILIVRI,?ELT?K,8,31,124,207,0,0,0,1,1,1,1,142
SILIVRI,DANAMANDIRA,2,5,23,63,0,0,0,1,0,0,0,32
SILIVRI,FATIH,9,28,104,215,6,4,17,36,0,0,0,454
SILIVRI,FENER,13,45,168,316,0,0,2,4,1,1,1,195
SILIVRI,FEVZ?PA?A,7,29,128,242,1,1,5,12,1,1,2,188
SILIVRI,GAZ?TEPE,7,28,105,180,0,0,1,3,0,0,0,124
SILIVRI,G?M??YAKA,45,186,781,1146,1,0,14,34,2,2,5,946
SILIVRI,H?RR?YET,1,16,110,214,0,0,0,0,1,1,0,322
SILIVRI,?SMETPA?A,7,29,122,229,1,1,4,10,1,1,1,221
SILIVRI,KADIKOY,12,38,128,224,1,1,4,9,0,0,0,170
SILIVRI,KASISLI,2,18,119,226,0,0,0,1,1,1,0,153
SILIVRI,KUSISLII,3,11,39,90,0,0,0,0,0,0,0,48
SILIVRI,K???KSISLI?LI,2,7,28,54,0,0,0,0,0,0,0,30
SILIVRI,K???K S?SISLI,1,3,8,18,0,0,0,0,0,0,0,11
SILIVRI,M?MAR S?NAN,37,139,559,822,9,3,33,72,1,2,4,1349
SILIVRI,ORTAK?Y,20,75,307,496,1,1,4,10,1,2,0,353
SILIVRI,P?R? MEHMET PA?A,11,30,124,278,6,4,19,40,0,1,1,584
SILIVRI,SANCAKTEPE,23,85,341,526,1,0,7,15,1,1,2,453
SILIVRI,SADALAR,4,10,32,75,0,0,1,3,0,0,0,43
SILIVRI,SEL?MPA?A,31,165,814,1319,5,2,23,64,3,5,5,1515
SILIVRI,SEM?ZADALAR,52,216,926,1347,3,0,9,20,1,2,3,1093
SILIVRI,SEYMEN,5,19,82,180,0,0,0,0,0,0,0,88
SILIVRI,YEN?,17,64,274,518,10,3,46,104,1,2,3,1964
SILIVRI,YOL?ATI,4,14,54,97,0,0,0,0,0,0,0,64
SULTANSISLI,ABDURRAHMANGAZ?,14,68,389,781,11,7,36,85,1,1,2,1763
SULTANSISLI,AD?L,2,12,96,265,0,0,5,19,0,0,1,578
SULTANSISLI,AHMET YESEV?,8,45,292,677,6,2,23,57,0,0,1,1305
SULTANSISLI,AK?EMSETT?N,4,29,182,377,2,1,11,30,0,0,1,631
SULTANSISLI,BASISLIAZ?,9,58,368,789,4,2,23,63,1,1,2,1470
SULTANSISLI,FATIH,6,40,256,518,5,2,20,48,0,0,1,1112
SULTANSISLI,HAM?D?YE,12,67,379,702,10,6,36,83,1,1,2,1651
SULTANSISLI,HASANPA?A,6,36,217,461,4,3,17,42,0,0,1,955
SULTANSISLI,MEC?D?YE,7,42,260,568,4,3,17,46,0,1,2,1075
SULTANSISLI,MEHMET AK?F,12,60,362,743,10,5,34,78,1,1,2,1581
SULTANSISLI,M?MAR S?NAN,3,26,178,436,0,0,5,24,1,1,2,626
SULTANSISLI,NEC?P FAZIL,8,52,285,512,5,2,21,51,1,1,2,1082
SULTANSISLI,ORHANGAZ?,7,41,223,410,6,3,22,51,1,1,1,918
SULTANSISLI,TURGUT RE?S,3,23,168,417,1,0,10,29,0,0,1,742
SULTANSISLI,YAVUZSISLIM,8,49,294,569,5,2,20,50,0,1,1,1146
SULTANGAZ?,50. YIL,10,32,278,1045,14,7,45,105,1,1,2,1779
SULTANGAZ?,75. YIL,2,5,47,262,2,0,8,22,0,0,1,387
SULTANGAZ?,CEBEC?,7,30,256,923,5,2,21,56,1,1,1,1347
SULTANGAZ?,CUMHUR?YET,1,2,25,134,1,0,4,10,0,0,0,189
SULTANGAZ?,ESENTEPE,4,19,160,686,3,1,17,48,0,1,1,1114
SULTANGAZ?,ESK? HAADALAR,1,6,37,120,0,0,0,4,0,0,0,139
SULTANGAZ?,GAZ?,6,24,121,404,6,4,20,46,0,0,1,793
SULTANGAZ?,HAADALAR,3,19,91,275,0,0,0,8,0,0,0,137
SULTANGAZ?,?SMETPA?A,4,13,138,611,5,2,17,45,0,0,1,980
SULTANGAZ?,MALKOSISLI,0,2,26,134,0,0,2,6,0,0,0,163
SULTANGAZ?,SULTAN?SISLI??,3,10,104,454,4,1,14,35,0,0,1,641
SULTANGAZ?,U?UR MUMCU,8,25,206,713,11,5,33,76,1,1,1,1207
SULTANGAZ?,SISLI,2,11,77,211,0,0,1,6,0,0,0,188
SULTANGAZ?,YUNUS EMRE,2,9,74,360,3,2,14,37,0,0,1,667
SULTANGAZ?,Z?BEYDE HANIM,8,38,164,552,3,3,21,52,0,0,1,793
SILE,A?A?DERE,0,1,5,13,0,0,0,0,0,0,0,6
SILE,A?VA MERKEZ,1,4,39,117,0,0,0,0,0,1,1,40
SILE,AHSISLI,2,6,38,110,0,0,0,0,1,1,1,41
SILE,AK?AKESE,0,2,12,40,0,0,0,0,0,0,0,12
SILE,ALSISLI,0,1,15,53,0,0,0,0,0,0,0,13
SILE,AVCIKORU,0,1,6,17,0,0,0,0,0,0,0,5
SILE,BAL?BEY,0,3,50,185,0,0,0,0,0,1,1,49
SILE,BI?KIDERE,1,3,14,33,0,0,0,1,0,0,0,16
SILE,BOZGOCA,0,0,3,9,0,0,0,0,0,0,0,2
SILE,BUSISLI,0,1,10,33,0,0,0,0,0,0,0,10
SILE,?ASISLI,1,1,7,18,0,0,0,0,0,0,0,9
SILE,?AVU?,1,5,62,209,0,0,0,0,1,1,1,130
SILE,?AYIRBA?I,0,2,17,60,0,0,0,0,0,0,0,18
SILE,SILEB?,0,0,4,15,0,0,0,0,0,0,0,4
SILE,?ESISLI?,0,2,7,19,0,0,0,0,0,0,0,9
SILE,SISLIK,0,1,4,11,0,0,0,0,0,0,0,5
SILE,DE??RMEN?AYIRI,1,6,26,63,0,0,0,0,0,0,0,30
SILE,DO?ASISLI,0,1,16,63,0,0,0,0,0,0,1,14
SILE,EADALAR,0,0,2,5,0,0,0,0,0,0,0,2
SILE,ESESISLI,0,1,3,8,0,0,0,0,0,0,0,4
SILE,GERSISLI,1,4,24,72,0,0,0,0,0,0,0,28
SILE,G??E,1,2,13,40,0,0,0,0,0,0,0,16
SILE,G?KSISLI,0,1,8,22,0,0,0,0,0,0,0,7
SILE,G?KSU,1,3,12,32,0,0,0,0,0,0,0,14
SILE,HACI KASIM,0,0,7,29,0,0,0,0,0,0,0,10
SILE,HSISLII,0,2,8,20,0,0,0,0,0,0,0,10
SILE,HASISLI,1,2,9,26,0,0,0,0,0,0,0,12
SILE,?MRENDERE,0,2,15,48,0,0,0,0,0,0,0,10
SILE,?MSISLI,0,2,14,49,0,0,0,0,0,0,0,10
SILE,?SAK?Y,1,1,10,20,0,0,0,0,0,0,0,11
SILE,KABAKOZ,1,4,23,75,0,0,0,0,0,0,0,19
SILE,KADIKOY,0,0,2,9,0,0,0,0,0,0,0,2
SILE,SILEM,0,1,9,28,0,0,0,0,0,0,0,10
SILE,KARASISLI,0,1,6,18,0,0,0,0,0,0,0,7
SILE,KARACAK?Y,0,1,7,25,0,0,0,0,0,0,0,6
SILE,KARAK?RAZ,0,1,7,23,0,0,0,0,0,0,0,5
SILE,KARAMANDERE,0,1,6,18,0,0,0,0,0,0,0,8
SILE,KERVANSARAY,0,1,7,19,0,0,0,0,0,0,0,7
SILE,KSISLIA,1,3,16,49,0,0,0,0,0,0,0,16
SILE,KORUCU,0,1,4,13,0,0,0,0,0,0,0,4
SILE,K?SISLIK,0,0,2,9,0,0,0,0,0,0,0,2
SILE,KUMBABA,1,5,52,154,0,0,0,0,1,1,1,56
SILE,KUSISLII,0,1,9,30,0,0,0,0,0,0,0,7
SILE,KURNA,0,0,5,21,0,0,0,0,0,0,0,4
SILE,ME?RUT?YET,0,1,12,40,0,0,0,0,0,0,0,11
SILE,ORUSISLI,1,3,16,36,0,0,0,0,0,0,0,19
SILE,OSMANK?Y,1,2,8,20,0,0,0,0,0,0,0,10
SILE,OVACIK,0,1,4,12,0,0,0,0,0,0,0,4
SILE,SSISLI?Y,0,2,26,94,0,0,0,0,0,0,0,23
SILE,SATSISLI,1,2,10,30,0,0,0,0,0,0,0,11
SILE,SADALAR,0,0,5,19,0,0,0,0,0,0,0,5
SILE,SSISLIU,1,2,9,23,0,0,0,0,0,0,0,10
SILE,SOSISLIU,0,1,3,8,0,0,0,0,0,0,0,5
SILE,?UASISLI,0,0,7,25,0,0,0,0,0,0,0,6
SILE,TEKE,1,3,16,41,0,0,0,0,0,0,0,20
SILE,ULSISLIT,1,2,10,27,0,0,0,0,0,0,0,12
SILE,?SISLI,0,0,4,16,0,0,0,0,0,0,0,3
SILE,YAKA,1,2,8,19,0,0,0,0,0,0,0,10
SILE,SISLILI,0,1,3,9,0,0,0,0,0,0,0,4
SILE,YAZIMANAYIR,0,2,7,20,0,0,0,0,0,0,0,9
SILE,YEN?K?Y,0,1,7,20,0,0,0,0,0,0,0,10
SILE,YSISLIAD?,0,1,4,13,0,0,0,0,0,0,0,4
SISLI,19.May,2,5,24,131,2,1,7,14,0,0,0,145
SISLI,BOZKURT,3,7,37,187,2,1,6,13,0,0,0,174
SISLI,CUMHUR?YET,2,4,21,122,2,1,5,10,0,0,0,96
SISLI,DUATEPE,2,4,22,118,1,1,5,9,0,0,0,115
SISLI,ERGENEKON,1,5,23,98,1,1,3,6,0,0,0,48
SISLI,ESENTEPE,2,7,33,145,0,0,3,10,1,0,1,116
SISLI,ESK??EH?R,4,14,69,248,3,2,8,17,0,0,0,286
SISLI,FER?K?Y,3,7,37,182,3,2,8,17,0,0,0,229
SISLI,FULYA,2,5,26,166,3,1,10,20,0,1,1,192
SISLI,G?LBAHAR,2,7,37,176,3,1,9,19,0,0,0,313
SISLI,HALASKARGAZ?,1,3,15,80,0,0,2,4,0,0,0,31
SISLI,HAL?DE ED?P ADIVAR,2,6,33,154,2,0,6,15,0,0,0,266
SISLI,HADALARIFAT PA?A,1,5,22,80,1,0,3,7,0,0,0,101
SISLI,HARB?YE,1,3,15,68,0,0,1,3,0,0,0,39
SISLI,?N?N?,3,11,49,172,1,0,3,7,0,0,0,104
SISLI,?ZZET PA?A,2,6,30,118,2,1,5,10,0,0,0,158
SISLI,KAPTANPA?A,0,1,5,20,0,0,1,2,0,0,0,54
SISLI,KU?TEPE,5,22,104,343,4,3,13,29,0,0,0,397
SISLI,MAHMUT ?EVKET PA?A,4,13,64,255,5,3,15,31,0,0,1,440
SISLI,MEC?D?YEK?Y,3,8,42,206,4,1,11,24,0,0,0,286
SISLI,MERKEZ,4,10,54,284,3,1,10,21,1,1,1,194
SISLI,ME?RUT?YET,7,13,58,263,4,2,10,18,0,0,0,188
SISLI,PA?A,5,21,93,325,4,2,12,27,0,0,1,410
SISLI,TE?V?K?YE,3,6,30,180,2,1,7,15,0,0,0,155
SISLI,SISLI,4,14,65,212,3,2,9,20,0,0,0,308
SISLI,AKFIRAT,1,11,65,117,0,0,0,2,0,0,0,142
SISLI,ANSISLI,0,4,23,48,0,0,0,1,0,0,0,43
SISLI,AYSISLI,41,176,821,1481,22,12,87,188,2,3,9,3467
SISLI,AYDINTEPE,11,38,191,458,12,6,34,72,1,1,2,1119
SISLI,CAM?,26,73,250,278,11,6,33,61,1,1,2,729
SISLI,EVL?YASISLIB?,19,65,255,395,9,4,27,56,1,1,3,931
SISLI,FATIH,1,5,32,72,0,0,0,0,0,0,0,43
SISLI,?ADALAR,14,43,193,344,8,5,27,54,0,0,1,725
SISLI,?STASYON,46,98,312,450,29,19,80,149,1,2,5,1930
SISLI,MESC?T,5,27,123,197,1,1,7,17,1,1,2,371
SISLI,M?MAR S?NAN,77,199,586,717,57,43,159,293,1,2,5,3143
SISLI,ORSISLI,12,72,332,526,1,1,6,12,0,1,4,157
SISLI,ORTA,3,24,138,274,1,0,4,13,0,1,1,429
SISLI,POSTANE,56,183,737,1001,17,10,65,130,2,2,6,1878
SISLI,??FA,103,238,673,733,81,50,218,392,2,2,6,4163
SISLI,TEPE?REN,8,49,287,595,0,0,2,4,1,1,0,332
SISLI,SISLI,23,65,292,553,19,12,59,121,1,1,2,1815
UMRANIYE,ADEM YAVUZ,5,24,137,356,2,1,12,28,0,0,1,599
UMRANIYE,ALTIN?EH?R,3,15,126,418,3,1,12,31,1,1,1,694
UMRANIYE,ARMA?AADALAR,2,9,87,346,1,0,9,26,0,0,1,678
UMRANIYE,A?A?I DSISLIU,5,26,151,337,2,1,11,26,0,0,1,497
UMRANIYE,ATAKENT,1,6,57,197,0,0,4,14,0,0,0,412
UMRANIYE,ATAT?RK,2,7,68,276,2,1,9,23,0,0,0,423
UMRANIYE,CSISLIMER??,14,56,284,644,7,7,24,57,1,1,1,1014
UMRANIYE,?AKMAK,1,5,52,275,0,0,5,18,0,0,1,424
UMRANIYE,SISLIK,0,3,28,161,0,0,2,8,0,0,0,209
UMRANIYE,SISLIPINAR,5,29,163,434,0,0,9,23,0,0,1,460
UMRANIYE,ESISLIKENT,3,20,141,383,0,0,8,24,0,0,1,599
UMRANIYE,ESEADALAR,1,3,37,196,0,0,3,13,0,0,0,285
UMRANIYE,ESENKENT,3,21,163,462,0,0,4,18,1,1,2,580
UMRANIYE,ESEN?EH?R,5,24,163,414,4,1,13,31,1,1,1,692
UMRANIYE,FATIHSISLIAN MEHMET,0,2,15,54,0,0,1,3,0,0,0,73
UMRANIYE,HEK?MBA?I,3,18,107,286,0,0,3,12,0,0,0,201
UMRANIYE,HUZUR,2,14,108,264,0,0,5,15,0,0,1,356
UMRANIYE,IHLAMURKUYU,6,26,147,373,3,2,13,31,0,1,1,635
UMRANIYE,?SISLIP,4,22,175,481,1,0,8,26,1,1,1,776
UMRANIYE,?SSISLIL,2,7,69,335,1,0,7,24,0,0,1,589
UMRANIYE,KAZIM KARABEK?R,5,25,179,459,2,0,9,25,0,0,1,580
UMRANIYE,MAADALAR,1,7,57,187,0,0,3,12,0,0,1,305
UMRANIYE,MEHMET AK?F,0,2,19,110,0,0,2,8,0,0,0,226
UMRANIYE,NAMIK KEMAL,2,7,68,283,1,0,8,20,0,0,0,434
UMRANIYE,NEC?P FAZIL,9,43,238,532,8,2,24,55,1,1,1,1235
UMRANIYE,PARADALAR,3,18,124,301,1,0,8,22,0,0,1,584
UMRANIYE,SARAY,1,3,24,73,0,0,0,1,0,0,0,24
UMRANIYE,S?TE,4,17,101,297,2,1,9,26,0,1,1,656
UMRANIYE,?ERSISLI,1,5,48,179,0,0,1,4,0,0,1,133
UMRANIYE,TANTAV?,1,3,24,83,0,0,2,6,0,0,0,182
UMRANIYE,SISLISU,0,3,24,110,0,0,1,7,0,0,0,223
UMRANIYE,TEPE?ST?,1,6,50,181,1,0,4,12,0,0,0,262
UMRANIYE,TOPA?ACI,5,32,186,501,0,0,7,23,0,1,1,515
UMRANIYE,YAMAADALAR,1,5,47,185,0,0,4,13,0,0,0,251
UMRANIYE,YUKARI DSISLIU,4,21,159,483,1,0,6,19,1,1,1,539
USKUDAR,ACIBADEM,2,6,38,185,2,1,13,28,0,0,1,385
USKUDAR,AHMED?YE,3,7,46,164,3,1,9,18,0,0,0,312
USKUDAR,ALTUN?ZADE,2,8,52,197,1,0,6,16,0,0,1,895
USKUDAR,AZ?Z MAHMUT H?DAY?,7,16,93,240,4,2,13,25,0,0,0,171
USKUDAR,BASISLISILER,6,29,154,419,2,1,11,30,0,0,1,395
USKUDAR,BARBAROS,2,7,44,152,2,1,8,19,0,0,0,478
USKUDAR,ADALARBEY?,4,14,98,218,0,0,4,13,0,0,0,330
USKUDAR,BULSISLI,1,5,51,253,1,0,6,18,0,0,0,627
USKUDAR,BURHAN?YE,4,17,132,364,1,0,10,24,0,0,1,605
USKUDAR,CUMHUR?YET,3,8,84,386,2,1,11,28,0,1,1,693
USKUDAR,?ESISLI?Y,7,24,171,402,2,1,11,27,1,0,1,320
USKUDAR,FERAH,6,23,149,358,5,3,19,42,1,0,1,332
USKUDAR,GSISLIEPE,3,12,106,283,1,0,6,17,0,0,0,168
USKUDAR,?CAD?YE,6,17,106,341,5,1,15,31,0,0,0,782
USKUDAR,KASISLI?,1,6,47,113,0,0,0,1,0,0,0,159
USKUDAR,KISISLI,4,17,128,373,2,1,10,27,1,1,1,471
USKUDAR,K?SISLITEPE,6,24,158,351,3,2,14,31,0,0,0,120
USKUDAR,SSISLI,1,6,37,93,0,0,0,4,0,0,0,172
USKUDAR,KUZGUNCUK,4,16,109,264,1,0,5,11,0,0,0,268
USKUDAR,K???KSISLICA,5,24,157,364,0,0,7,25,1,1,1,466
USKUDAR,K???KSU,3,13,100,276,1,0,4,18,0,0,1,358
USKUDAR,SISLICE,5,17,142,357,2,1,11,26,0,0,1,228
USKUDAR,MEHMET AK?F ERSOY,5,22,168,416,3,1,13,32,0,0,1,308
USKUDAR,M?MAR S?NAN,12,27,131,342,11,6,29,58,0,0,1,722
USKUDAR,MURATRE?S,4,11,67,259,6,3,16,32,0,0,0,420
USKUDAR,SALACAK,4,8,56,199,3,2,9,20,0,0,0,908
USKUDAR,SELAMSISLI,3,9,53,203,4,2,12,25,0,0,0,295
USKUDAR,SEL?M?YE,6,16,76,208,3,1,8,16,0,1,0,326
USKUDAR,SULTANTEPE,7,15,78,222,6,3,18,35,0,0,0,888
USKUDAR,SISLIN,8,24,173,507,7,3,23,51,1,1,1,915
USKUDAR,VAL?DE-? AT?K,5,13,82,316,7,3,19,39,0,0,0,942
USKUDAR,YAVUZT?RK,5,27,220,612,2,1,15,42,1,1,1,387
USKUDAR,ZEYNEP KAM?L,2,5,35,173,3,1,10,20,0,0,0,241
ZEYTINBURNU,BESISLI?Z,43,89,354,622,56,31,147,268,0,1,2,2291
ZEYTINBURNU,?IRPICI,49,98,357,572,77,43,202,360,1,1,2,2760
ZEYTINBURNU,GSISLI,31,62,253,456,45,24,118,215,0,1,2,1111
ZEYTINBURNU,SISLI?E?ME,25,44,126,182,13,8,36,68,0,1,3,346
ZEYTINBURNU,MALTEPE,62,125,378,513,15,8,44,81,1,1,4,181
ZEYTINBURNU,MERKEZEFEND?,29,60,216,369,39,24,105,193,1,1,2,2617
ZEYTINBURNU,NUR?PA?A,39,77,308,529,66,37,173,314,1,1,2,3220
ZEYTINBURNU,SEY?TN?ZAM,37,92,363,592,51,28,134,246,1,1,3,2363
ZEYTINBURNU,S?MER,41,80,319,561,87,47,229,414,1,1,3,5682
ZEYTINBURNU,TELS?Z,72,133,470,801,84,48,223,400,1,1,3,1094
ZEYTINBURNU,VEL?EFEND?,39,80,309,530,66,38,175,317,1,1,2,3400
ZEYTINBURNU,YEN?DO?AN,17,33,135,234,24,13,63,114,0,0,1,1715
ZEYTINBURNU,YSISLIEPE,26,52,211,374,45,25,118,216,0,0,1,4250
